{
  "outputs": {
    "Height": {
      "validation_allow": null,
      "validation_type": "none",
      "dependent_inputs": null,
      "min": null,
      "max": null,
      "options": null,
      "ignore_blank": false
    },
    "Radius": {
      "validation_allow": null,
      "validation_type": "none",
      "dependent_inputs": null,
      "min": null,
      "max": null,
      "options": null,
      "ignore_blank": false
    }
  },
  "warnings": null,
  "errors": null,
  "service_chain": null
}