{
  "outputs": {
    "AssessmentDate": {
      "validation_allow": null,
      "validation_type": "none",
      "dependent_inputs": null,
      "min": null,
      "max": null,
      "options": null,
      "ignore_blank": false
    },
    "CashFlowTypes": {
      "validation_allow": "List",
      "validation_type": "static",
      "dependent_inputs": null,
      "min": null,
      "max": null,
      "options": [
        "IO",
        "IO w/ Level",
        "IO w/ Balloon",
        "Level",
        "Balloon",
        "Straight Line w/ Life",
        "Straight Line w/ Ratio",
        "Pay at Maturity",
        "Fixed Amount"
      ],
      "ignore_blank": true
    },
    "CCF": {
      "validation_allow": "Decimal",
      "validation_type": "static",
      "dependent_inputs": null,
      "min": 0.4,
      "max": 0.9,
      "options": null,
      "ignore_blank": true
    },
    "Contract_IR": {
      "validation_allow": "Decimal",
      "validation_type": "static",
      "dependent_inputs": null,
      "min": 0.01,
      "max": 0.4,
      "options": null,
      "ignore_blank": true
    },
    "LGD": {
      "validation_allow": "Decimal",
      "validation_type": "static",
      "dependent_inputs": null,
      "min": 0.5,
      "max": 0.99,
      "options": null,
      "ignore_blank": true
    },
    "LoanLimit": {
      "validation_allow": "WholeNumber",
      "validation_type": "static",
      "dependent_inputs": null,
      "min": 1000.0,
      "max": 10000000.0,
      "options": null,
      "ignore_blank": true
    },
    "NextPaymentDate": {
      "validation_allow": null,
      "validation_type": "none",
      "dependent_inputs": null,
      "min": null,
      "max": null,
      "options": null,
      "ignore_blank": false
    },
    "ObligorRating": {
      "validation_allow": "List",
      "validation_type": "static",
      "dependent_inputs": null,
      "min": null,
      "max": null,
      "options": [
        "A",
        "B",
        "C",
        "D"
      ],
      "ignore_blank": true
    },
    "OutstandingBalance": {
      "validation_allow": "WholeNumber",
      "validation_type": "static",
      "dependent_inputs": null,
      "min": 1000.0,
      "max": 10000000.0,
      "options": null,
      "ignore_blank": true
    },
    "PaymentFreq": {
      "validation_allow": "List",
      "validation_type": "static",
      "dependent_inputs": null,
      "min": null,
      "max": null,
      "options": [
        1,
        2,
        4,
        12
      ],
      "ignore_blank": true
    },
    "RecoveryLags": {
      "validation_allow": "WholeNumber",
      "validation_type": "static",
      "dependent_inputs": null,
      "min": 0.0,
      "max": 12.0,
      "options": null,
      "ignore_blank": true
    },
    "Segment": {
      "validation_allow": "List",
      "validation_type": "static",
      "dependent_inputs": null,
      "min": null,
      "max": null,
      "options": [
        1,
        2,
        3,
        4,
        5
      ],
      "ignore_blank": true
    },
    "Stage_Regular": {
      "validation_allow": "List",
      "validation_type": "static",
      "dependent_inputs": null,
      "min": null,
      "max": null,
      "options": [
        1,
        2,
        3
      ],
      "ignore_blank": true
    }
  },
  "warnings": null,
  "errors": null,
  "service_chain": null
}